City_ID,City,Country,Date,Lat,Lng,Max Temp,Humidity,Cloudiness,Wind Speed
0,Dikson,RU,2022-02-11 17:29:32,73.5069,80.5464,258.16,90,100,11.91
1,Thompson,CA,2022-02-11 17:26:33,55.7435,-97.8558,241.24,62,0,3.09
2,Sao Jose Da Coroa Grande,BR,2022-02-11 17:34:20,-8.8978,-35.1478,303.24,56,74,6.15
3,Odesskoye,RU,2022-02-11 17:34:20,54.2111,72.9651,249.46,98,7,5.16
4,Port Lincoln,AU,2022-02-11 17:33:23,-34.7333,135.8667,290.37,78,0,6.19
5,Amapa,BR,2022-02-11 17:34:21,1.0,-52.0,301.05,76,89,1.31
6,Vaini,TO,2022-02-11 17:34:21,-21.2,-175.2,299.24,94,40,2.06
7,Tasiilaq,GL,2022-02-11 17:34:22,65.6145,-37.6368,264.24,59,100,2.45
8,Ushuaia,AR,2022-02-11 17:34:22,-54.8,-68.3,285.94,66,40,13.38
9,Armizonskoye,RU,2022-02-11 17:34:23,55.9461,67.6736,256.01,86,100,8.6
10,Tautira,PF,2022-02-11 17:34:23,-17.7333,-149.15,301.16,74,46,6.79
11,Bredasdorp,ZA,2022-02-11 17:34:23,-34.5322,20.0403,294.97,68,1,3.6
12,Prescott,US,2022-02-11 17:31:27,34.54,-112.4685,287.57,34,0,2.57
13,Naze,JP,2022-02-11 17:34:24,28.3667,129.4833,287.09,64,97,2.97
14,Nikolskoye,RU,2022-02-11 17:34:24,59.7035,30.7861,271.37,91,82,4.05
15,Bluff,NZ,2022-02-11 17:34:25,-46.6,168.3333,284.71,73,52,6.52
16,Sakakah,SA,2022-02-11 17:34:25,29.9697,40.2064,285.91,40,94,3.56
17,Dauphin,CA,2022-02-11 17:33:21,51.1494,-100.0502,248.23,64,0,3.6
18,Rikitea,PF,2022-02-11 17:34:26,-23.1203,-134.9692,299.25,73,2,7.93
19,New Norfolk,AU,2022-02-11 17:34:26,-42.7826,147.0587,283.55,64,1,1.03
20,Tuktoyaktuk,CA,2022-02-11 17:34:26,69.4541,-133.0374,244.15,69,20,7.2
21,Sann,PK,2022-02-11 17:34:27,26.0418,68.1378,290.1,18,0,3.11
22,Denpasar,ID,2022-02-11 17:33:32,-8.65,115.2167,297.99,100,40,0.51
23,Lebu,CL,2022-02-11 17:34:27,-37.6167,-73.65,289.28,59,1,10.37
24,Saskylakh,RU,2022-02-11 17:34:28,71.9167,114.0833,256.7,91,99,5.88
25,Guerrero Negro,MX,2022-02-11 17:34:28,27.9769,-114.0611,295.09,26,0,1.91
26,Sisimiut,GL,2022-02-11 17:34:29,66.9395,-53.6735,268.24,93,100,5.58
27,Yellowknife,CA,2022-02-11 17:34:29,62.456,-114.3525,246.16,91,75,2.06
28,Mount Gambier,AU,2022-02-11 17:33:51,-37.8333,140.7667,283.1,87,3,2.06
29,Rawson,AR,2022-02-11 17:34:29,-43.3002,-65.1023,295.04,22,0,1.79
30,Kapaa,US,2022-02-11 17:34:30,22.0752,-159.319,292.14,94,40,3.6
31,Bambous Virieux,MU,2022-02-11 17:33:11,-20.3428,57.7575,299.29,83,40,1.03
32,Nova Vicosa,BR,2022-02-11 17:34:31,-17.8919,-39.3719,301.93,63,36,4.44
33,Butaritari,KI,2022-02-11 17:34:31,3.0707,172.7902,300.27,80,73,7.4
34,Challapata,BO,2022-02-11 17:34:32,-18.9,-66.7667,287.25,47,33,1.58
35,Bonthe,SL,2022-02-11 17:34:32,7.5264,-12.505,301.39,70,22,6.01
36,Arraial Do Cabo,BR,2022-02-11 17:31:18,-22.9661,-42.0278,297.13,94,75,5.14
37,Saint-Philippe,RE,2022-02-11 17:34:32,-21.3585,55.7679,298.92,77,31,3.44
38,Castro,BR,2022-02-11 17:34:33,-24.7911,-50.0119,299.96,42,0,1.55
39,Eureka,US,2022-02-11 17:32:34,40.8021,-124.1637,286.8,58,1,0.3
40,Sovik,NO,2022-02-11 17:34:33,65.9333,12.4667,273.14,81,75,2.24
41,Torbay,CA,2022-02-11 17:34:34,47.6666,-52.7314,279.58,77,75,9.77
42,Fairbanks,US,2022-02-11 17:25:02,64.8378,-147.7164,253.13,75,0,3.6
43,Port Alfred,ZA,2022-02-11 17:34:34,-33.5906,26.891,294.53,82,2,2.03
44,Carnarvon,AU,2022-02-11 17:30:54,-24.8667,113.6333,300.19,74,14,3.09
45,Burnie,AU,2022-02-11 17:35:34,-41.0667,145.9167,287.33,82,98,4.04
46,Craig,US,2022-02-11 17:35:35,40.5153,-107.5464,275.84,86,0,1.54
47,Hilo,US,2022-02-11 17:31:24,19.7297,-155.09,292.94,82,40,3.09
48,Hermanus,ZA,2022-02-11 17:31:56,-34.4187,19.2345,295.26,86,9,1.96
49,Provideniya,RU,2022-02-11 17:35:35,64.3833,-173.3,245.73,93,14,4.02
50,Albany,US,2022-02-11 17:21:09,42.6001,-73.9662,282.64,46,46,1.34
51,Palmares Do Sul,BR,2022-02-11 17:35:36,-30.2578,-50.5097,302.03,56,0,7.64
52,Busselton,AU,2022-02-11 17:31:16,-33.65,115.3333,289.31,89,23,1.96
53,Ballater,GB,2022-02-11 17:35:36,57.0493,-3.0402,276.9,80,85,5.16
54,Linhares,BR,2022-02-11 17:35:37,-19.3911,-40.0722,301.53,73,82,2.52
55,Oranjestad,AW,2022-02-11 17:31:44,12.524,-70.027,302.12,61,20,11.83
56,Pangnirtung,CA,2022-02-11 17:35:37,66.1451,-65.7125,257.15,55,100,3.09
57,Faanui,PF,2022-02-11 17:35:37,-16.4833,-151.75,300.22,74,13,6.07
58,Atuona,PF,2022-02-11 17:35:38,-9.8,-139.0333,298.34,77,18,6.49
59,Ilulissat,GL,2022-02-11 17:33:10,69.2167,-51.1,268.16,63,75,4.63
60,San Andres,CO,2022-02-11 17:35:38,12.5847,-81.7006,303.16,66,20,6.17
61,Cuamba,MZ,2022-02-11 17:35:39,-14.8031,36.5372,294.25,95,99,0.9
62,Santa Isabel Do Rio Negro,BR,2022-02-11 17:35:39,-0.4139,-65.0192,305.34,54,100,2.08
63,Thinadhoo,MV,2022-02-11 17:35:40,0.5333,72.9333,300.81,72,100,3.02
64,Jamestown,US,2022-02-11 17:35:22,42.097,-79.2353,282.64,49,75,8.23
65,Saldanha,ZA,2022-02-11 17:35:40,-33.0117,17.9442,296.18,91,13,8.51
66,Hobart,AU,2022-02-11 17:35:40,-42.8794,147.3294,283.74,75,75,5.14
67,Avarua,CK,2022-02-11 17:30:47,-21.2078,-159.775,296.18,94,22,1.03
68,Caravelas,BR,2022-02-11 17:35:41,-17.7125,-39.2481,303.26,55,13,4.33
69,Puerto Ayora,EC,2022-02-11 17:35:41,-0.7393,-90.3518,302.13,86,49,2.24
70,Maloy,NO,2022-02-11 17:35:42,61.9353,5.1136,277.07,94,100,4.02
71,Kokopo,PG,2022-02-11 17:35:42,-4.352,152.2633,297.78,87,96,2.12
72,Lagoa,PT,2022-02-11 17:33:10,39.05,-27.9833,288.36,76,49,5.38
73,Mataura,NZ,2022-02-11 17:35:43,-46.1927,168.8643,284.53,79,100,1.72
74,Punta Arenas,CL,2022-02-11 17:35:43,-53.15,-70.9167,288.16,62,75,11.83
75,Juneau,US,2022-02-11 17:35:44,58.3019,-134.4197,274.18,95,100,6.69
76,Schramberg,DE,2022-02-11 17:35:44,48.224,8.3858,276.68,90,54,0.74
77,Cape Town,ZA,2022-02-11 17:31:23,-33.9258,18.4232,295.99,70,0,9.26
78,Tabas,IR,2022-02-11 17:35:44,33.5959,56.9244,287.75,28,67,1.9
79,Roald,NO,2022-02-11 17:35:45,62.5833,6.1333,277.22,87,75,8.75
80,Ronda,ES,2022-02-11 17:35:45,36.7423,-5.1671,289.74,67,4,0.71
81,Blacksburg,US,2022-02-11 17:35:46,37.2296,-80.4139,290.26,32,0,5.66
82,Souillac,MU,2022-02-11 17:35:46,-20.5167,57.5167,299.36,83,40,1.03
83,Fredericksburg,US,2022-02-11 17:35:47,38.3032,-77.4605,292.6,28,0,1.34
84,Eirunepe,BR,2022-02-11 17:35:47,-6.6603,-69.8736,301.74,79,100,0.96
85,Gillette,US,2022-02-11 17:35:47,44.2911,-105.5022,272.05,88,75,11.83
86,Vargem Grande,BR,2022-02-11 17:35:48,-3.5431,-43.9158,297.79,91,88,2.06
87,Dali,CN,2022-02-11 17:35:48,25.7,100.1833,277.75,85,1,1.64
88,Nemuro,JP,2022-02-11 17:35:49,43.3236,145.575,268.14,78,81,3.87
89,Ancud,CL,2022-02-11 17:31:54,-41.8697,-73.8203,292.16,54,0,2.88
90,Araouane,ML,2022-02-11 17:36:49,18.9048,-3.5265,295.38,13,77,4.67
91,Talnakh,RU,2022-02-11 17:36:50,69.4865,88.3972,249.38,88,100,4.46
92,Katsuura,JP,2022-02-11 17:31:56,35.1333,140.3,278.25,70,13,6.05
93,Raudeberg,NO,2022-02-11 17:36:50,61.9875,5.1352,276.59,94,100,4.02
94,Khatanga,RU,2022-02-11 17:34:39,71.9667,102.5,257.47,83,99,7.06
95,Qaanaaq,GL,2022-02-11 17:36:51,77.484,-69.3632,241.7,65,0,3.39
96,Puerto Madero,MX,2022-02-11 17:36:51,14.7208,-92.4215,304.26,48,0,2.57
97,Fagernes,NO,2022-02-11 17:36:52,60.9858,9.2324,257.77,98,54,1.48
98,Novopokrovka,UA,2022-02-11 17:36:52,49.8425,36.5477,276.36,99,100,3.66
99,Batemans Bay,AU,2022-02-11 17:32:45,-35.7167,150.1833,290.43,90,58,3.06
100,Kaukauna,US,2022-02-11 17:36:53,44.278,-88.272,278.48,75,100,5.14
101,The Valley,AI,2022-02-11 17:36:53,18.217,-63.0578,301.23,57,40,7.72
102,Vardo,NO,2022-02-11 17:36:53,70.3705,31.1107,272.14,93,40,9.26
103,Kodiak,US,2022-02-11 17:36:54,57.79,-152.4072,275.88,93,100,2.06
104,Nicoya,CR,2022-02-11 17:36:54,10.1483,-85.452,304.9,40,45,4.45
105,Oranjemund,NA,2022-02-11 17:34:41,-28.55,16.4333,291.93,77,30,4.31
106,Broken Hill,AU,2022-02-11 17:36:55,-31.95,141.4333,291.99,37,0,5.14
107,Touros,BR,2022-02-11 17:36:55,-5.1989,-35.4608,304.65,60,55,5.85
108,Esperance,AU,2022-02-11 17:36:55,-33.8667,121.9,296.06,74,96,3.01
109,Tirthahalli,IN,2022-02-11 17:36:56,13.7,75.2333,292.33,42,1,2.23
110,Kirakira,SB,2022-02-11 17:36:56,-10.4544,161.9205,298.55,90,100,5.64
111,Luderitz,NA,2022-02-11 17:36:57,-26.6481,15.1594,297.87,56,100,5.7
112,Darhan,MN,2022-02-11 17:36:57,49.4867,105.9228,244.82,100,31,0.86
113,Coahuayana,MX,2022-02-11 17:36:58,18.7333,-103.6833,299.86,21,0,1.87
114,Kuroiso,JP,2022-02-11 17:36:58,36.9667,140.05,269.48,81,4,1.76
115,Murree,PK,2022-02-11 17:36:58,33.9073,73.393,274.95,42,11,3.32
116,Champerico,GT,2022-02-11 17:36:59,14.3,-91.9167,305.45,57,0,4.29
117,Upernavik,GL,2022-02-11 17:36:59,72.7868,-56.1549,247.17,77,100,5.86
118,Constantine,DZ,2022-02-11 17:36:37,36.365,6.6147,284.82,62,40,4.12
119,Narsaq,GL,2022-02-11 17:34:27,60.9167,-46.05,269.27,70,100,2.08
120,College,US,2022-02-11 17:37:00,64.8569,-147.8028,253.12,75,75,3.6
121,Coquimbo,CL,2022-02-11 17:37:00,-29.9533,-71.3436,296.0,60,0,5.66
122,Barrow,US,2022-02-11 17:37:00,71.2906,-156.7887,240.16,68,0,3.09
123,Paamiut,GL,2022-02-11 17:37:01,61.994,-49.6678,272.16,84,100,7.68
124,Surt,LY,2022-02-11 17:37:01,31.2089,16.5887,287.53,64,98,2.64
125,Luena,AO,2022-02-11 17:37:01,-11.7833,19.9167,290.91,88,95,1.88
126,Itaqui,BR,2022-02-11 17:33:22,-29.1253,-56.5531,313.68,14,17,4.76
127,Huarmey,PE,2022-02-11 17:37:02,-10.0681,-78.1522,297.61,71,82,5.29
128,Gombong,ID,2022-02-11 17:37:02,-7.6072,109.5142,299.72,90,100,2.01
129,Priargunsk,RU,2022-02-11 17:37:03,50.3691,119.1012,243.94,100,75,1.45
130,Mar Del Plata,AR,2022-02-11 17:34:34,-38.0023,-57.5575,291.16,71,100,9.83
131,Terney,RU,2022-02-11 17:37:03,45.0503,136.6092,268.91,95,100,2.22
132,Nanortalik,GL,2022-02-11 17:37:04,60.1432,-45.2371,271.98,77,100,2.34
133,Severo-Kurilsk,RU,2022-02-11 17:37:04,50.6789,156.125,268.08,89,96,1.84
134,Manicore,BR,2022-02-11 17:37:04,-5.8092,-61.3003,300.55,87,100,1.19
135,Knysna,ZA,2022-02-11 17:37:05,-34.0363,23.0471,294.36,77,0,1.1
136,Bathsheba,BB,2022-02-11 17:37:05,13.2167,-59.5167,301.49,54,20,11.83
137,Aransas Pass,US,2022-02-11 17:34:00,27.9095,-97.15,296.28,66,0,2.24
138,Otanche,CO,2022-02-11 17:38:06,5.6567,-74.1825,299.71,63,48,2.03
139,Ossora,RU,2022-02-11 17:37:14,59.2353,163.0719,250.57,97,49,1.97
140,Bethel,US,2022-02-11 17:33:41,41.3712,-73.414,285.39,39,0,6.17
141,Houma,US,2022-02-11 17:38:06,29.5958,-90.7195,293.15,42,0,2.06
142,Clyde River,CA,2022-02-11 17:38:07,70.4692,-68.5914,246.28,76,100,13.38
143,Port Elizabeth,ZA,2022-02-11 17:38:07,-33.918,25.5701,294.31,73,0,2.57
144,Sao Filipe,CV,2022-02-11 17:38:08,14.8961,-24.4956,300.27,49,73,7.5
145,Alice Town,BS,2022-02-11 17:38:08,25.7167,-79.3,296.59,75,68,4.99
146,Punta De Bombon,PE,2022-02-11 17:38:08,-17.1717,-71.7931,296.18,71,37,4.76
147,Labuan,MY,2022-02-11 17:38:09,5.2767,115.2417,299.35,94,20,0.51
148,Shimoda,JP,2022-02-11 17:38:09,34.6667,138.95,276.54,79,97,3.89
149,Victoria,HK,2022-02-11 17:33:41,22.2855,114.1577,293.68,89,58,2.24
150,Georgetown,MY,2022-02-11 17:36:38,5.4112,100.3354,299.76,87,20,0.0
151,Sola,VU,2022-02-11 17:38:10,-13.8833,167.55,299.56,81,99,5.41
152,Abu Dhabi,AE,2022-02-11 17:37:19,24.4667,54.3667,295.21,76,0,2.57
153,Riorges,FR,2022-02-11 17:38:10,46.0418,4.0497,278.0,81,27,2.06
154,Muheza,TZ,2022-02-11 17:38:11,-5.1667,38.7833,296.45,89,87,2.85
155,Santa Barbara,US,2022-02-11 17:34:38,34.7333,-120.0343,297.78,15,0,1.13
156,Hamilton,US,2022-02-11 17:35:30,39.1834,-84.5333,285.94,49,100,0.89
157,Codrington,AU,2022-02-11 17:38:11,-38.2667,141.9667,286.02,82,9,3.96
158,Padang,ID,2022-02-11 17:38:12,-0.9492,100.3543,298.17,79,100,1.82
159,Bengkulu,ID,2022-02-11 17:38:12,-3.8004,102.2655,296.8,88,89,1.95
160,Antalya,TR,2022-02-11 17:38:13,36.7741,30.7178,284.87,78,0,1.03
161,Aleksandrov Gay,RU,2022-02-11 17:38:13,50.147,48.5704,270.33,94,86,4.83
162,Huangmei,CN,2022-02-11 17:38:13,30.1924,116.025,278.59,96,100,1.69
163,Gao,ML,2022-02-11 17:38:14,16.6362,1.637,298.83,8,1,3.4
164,Sur,OM,2022-02-11 17:38:14,22.5667,59.5289,293.74,54,0,3.15
165,Haines City,US,2022-02-11 17:35:44,28.1142,-81.6179,297.61,54,20,4.63
166,Songjianghe,CN,2022-02-11 17:38:15,42.1859,127.479,258.14,99,99,1.19
167,Trat,TH,2022-02-11 17:38:15,12.5,102.5,300.92,93,79,0.51
168,Erbaa,TR,2022-02-11 17:38:16,40.6689,36.5675,277.59,81,5,1.75
169,Richards Bay,ZA,2022-02-11 17:38:16,-28.783,32.0377,297.43,82,2,2.96
170,Orlik,RU,2022-02-11 17:38:16,52.5178,99.825,238.76,97,25,0.99
171,Mutsu,JP,2022-02-11 17:38:17,41.2894,141.2169,267.57,89,61,1.2
172,Gondanglegi,ID,2022-02-11 17:38:17,-7.7479,112.0132,296.19,97,100,1.96
173,Yulara,AU,2022-02-11 17:38:17,-25.2406,130.9889,294.06,37,0,2.57
174,Kahului,US,2022-02-11 17:33:02,20.8947,-156.47,294.17,82,0,2.68
175,Hutchinson,US,2022-02-11 17:34:19,38.0608,-97.9298,284.11,48,40,1.34
176,Port-Cartier,CA,2022-02-11 17:38:18,50.0334,-66.8654,265.23,65,15,2.38
177,Malatya,TR,2022-02-11 17:38:18,38.5,38.0,271.18,69,0,2.06
178,Lewistown,US,2022-02-11 17:35:32,40.5992,-77.5714,286.59,100,82,5.29
179,Severnyy-Kospashskiy,RU,2022-02-11 17:38:19,59.0925,57.8008,260.71,68,100,4.6
180,Norman Wells,CA,2022-02-11 17:38:19,65.282,-126.8329,240.17,68,20,2.06
181,Boende,CD,2022-02-11 17:39:19,-0.2167,20.8667,301.09,46,97,0.89
182,Calama,CL,2022-02-11 17:39:20,-22.4667,-68.9333,294.42,18,0,7.72
183,East London,ZA,2022-02-11 17:39:20,-33.0153,27.9116,297.67,78,20,2.57
184,Bud,US,2022-02-11 17:34:29,39.447,-86.1758,283.77,86,98,7.07
185,Birjand,IR,2022-02-11 17:39:21,32.8663,59.2211,281.41,29,0,3.09
186,Mareeba,AU,2022-02-11 17:39:21,-17.0,145.4333,294.55,95,39,0.59
187,Altamira,BR,2022-02-11 17:39:21,-3.2033,-52.2064,304.2,62,40,2.06
188,Havelock,US,2022-02-11 17:39:22,34.8791,-76.9013,294.85,48,40,2.57
189,Namatanai,PG,2022-02-11 17:39:22,-3.6667,152.4333,298.88,81,100,1.62
190,Kaitangata,NZ,2022-02-11 17:39:22,-46.2817,169.8464,286.06,83,100,1.49
191,Puerto Madryn,AR,2022-02-11 17:39:23,-42.7692,-65.0385,294.86,25,1,0.24
192,Tuxpan,MX,2022-02-11 17:39:23,19.55,-103.4,292.02,20,0,2.11
193,Magadan,RU,2022-02-11 17:34:30,59.5667,150.8,250.11,73,97,2.15
194,Puerto Baquerizo Moreno,EC,2022-02-11 17:39:24,-0.9,-89.6,299.7,78,75,4.12
195,Samarai,PG,2022-02-11 17:39:24,-10.6167,150.6667,300.22,66,64,6.58
196,Auki,SB,2022-02-11 17:39:24,-8.7676,160.7034,296.74,96,100,0.68
197,Sitka,US,2022-02-11 17:38:02,57.0531,-135.33,276.09,87,100,2.06
198,Teya,RU,2022-02-11 17:39:25,60.3778,92.6267,245.0,100,25,0.82
199,Sao Joao Da Barra,BR,2022-02-11 17:39:26,-21.6403,-41.0511,300.2,84,100,4.0
200,Poum,NC,2022-02-11 17:39:26,-20.2333,164.0167,299.94,81,100,4.37
201,Coolum Beach,AU,2022-02-11 17:39:26,-26.5333,153.1,295.0,74,2,6.69
202,Plouzane,FR,2022-02-11 17:39:27,48.3833,-4.6167,281.25,71,0,2.57
203,Pisco,PE,2022-02-11 17:39:27,-13.7,-76.2167,298.18,61,0,5.14
204,Byron Bay,AU,2022-02-11 17:39:28,-28.65,153.6167,296.09,83,28,6.61
205,Mitu,CO,2022-02-11 17:39:28,1.1983,-70.1733,304.93,50,87,1.54
206,Qaqortoq,GL,2022-02-11 17:39:28,60.7167,-46.0333,269.43,78,100,1.53
207,Sioux Lookout,CA,2022-02-11 17:39:29,50.1001,-91.917,252.36,71,100,6.17
208,Newport,GB,2022-02-11 17:39:29,51.5877,-2.9984,280.51,76,100,4.96
209,Boshnyakovo,RU,2022-02-11 17:39:29,49.6333,142.1667,263.64,95,100,1.15
210,Tiksi,RU,2022-02-11 17:39:30,71.6872,128.8694,249.16,93,97,6.66
211,Salto,UY,2022-02-11 17:35:28,-31.3833,-57.9667,309.75,26,59,1.34
212,Vigrestad,NO,2022-02-11 17:39:30,58.5667,5.7,278.71,73,88,9.66
213,Hithadhoo,MV,2022-02-11 17:39:31,-0.6,73.0833,300.74,69,100,3.54
214,San Jose,US,2022-02-11 17:39:24,37.3394,-121.895,295.13,50,0,0.0
215,Chokurdakh,RU,2022-02-11 17:35:45,70.6333,147.9167,252.63,97,100,5.33
216,Tarbagatay,RU,2022-02-11 17:39:31,51.4803,107.3602,242.89,100,98,0.58
217,Pho Chai,TH,2022-02-11 17:39:31,16.3283,103.7703,301.94,56,100,3.42
218,Ketchikan,US,2022-02-11 17:34:34,55.3422,-131.6461,274.41,86,100,2.06
219,Jacareacanga,BR,2022-02-11 17:39:32,-6.2222,-57.7528,300.99,72,100,1.18
220,Den Helder,NL,2022-02-11 17:39:32,52.9599,4.7593,278.7,75,36,1.03
221,Karratha,AU,2022-02-11 17:39:33,-20.7377,116.8463,302.78,69,12,1.44
222,Ribeira Grande,PT,2022-02-11 17:39:33,38.5167,-28.7,290.37,59,75,3.6
223,Cabedelo,BR,2022-02-11 17:39:33,-6.9811,-34.8339,304.52,63,59,5.07
224,Airai,TL,2022-02-11 17:37:16,-8.9266,125.4092,288.94,94,100,0.24
225,Lasa,IT,2022-02-11 17:35:52,46.6166,10.7002,281.1,92,73,3.35
226,Christchurch,NZ,2022-02-11 17:36:08,-43.5333,172.6333,289.83,93,75,2.57
227,Yumen,CN,2022-02-11 17:40:34,40.2833,97.2,268.3,46,96,2.61
228,Geraldton,AU,2022-02-11 17:40:34,-28.7667,114.6,296.38,88,52,3.09
229,Whitianga,NZ,2022-02-11 17:40:35,-36.8333,175.7,296.49,98,97,4.08
230,Longyearbyen,SJ,2022-02-11 17:40:35,78.2186,15.6401,267.06,86,75,2.57
231,Sargatskoye,RU,2022-02-11 17:40:35,55.6101,73.4972,247.37,98,7,3.45
232,Chara,RU,2022-02-11 17:40:36,56.9064,118.2631,239.68,86,58,0.46
233,Kraslava,LV,2022-02-11 17:40:36,55.8951,27.168,273.19,89,97,3.5
234,Takoradi,GH,2022-02-11 17:40:37,4.8845,-1.7554,300.87,76,8,4.68
235,Manama,BH,2022-02-11 17:40:37,26.2154,50.5832,293.9,69,0,4.63
236,Oyama,JP,2022-02-11 17:40:37,36.3,139.8,278.48,59,6,1.24
237,Marawi,PH,2022-02-11 17:40:38,7.9986,124.2928,292.4,95,49,0.49
238,Akdepe,TM,2022-02-11 17:40:38,42.0551,59.3788,275.2,60,5,2.7
239,Smolenskoye,RU,2022-02-11 17:40:39,52.3044,85.0781,244.59,100,45,1.36
240,Chuy,UY,2022-02-11 17:40:39,-33.6971,-53.4616,301.6,57,1,6.08
241,Mantua,IT,2022-02-11 17:40:40,45.1667,10.7833,285.33,84,100,1.34
242,Kedrovyy,RU,2022-02-11 17:40:40,56.1667,91.8167,244.74,99,12,1.6
243,Cidreira,BR,2022-02-11 17:40:41,-30.1811,-50.2056,299.1,74,0,7.27
244,Kavieng,PG,2022-02-11 17:40:41,-2.5744,150.7967,300.64,78,98,3.61
245,Harnosand,SE,2022-02-11 17:40:41,62.6323,17.9379,267.15,76,4,7.84
246,Kenmare,IE,2022-02-11 17:40:42,51.8833,-9.5833,282.28,86,100,7.61
247,Praia Da Vitoria,PT,2022-02-11 17:40:42,38.7333,-27.0667,290.29,72,75,2.55
248,Ahipara,NZ,2022-02-11 17:37:10,-35.1667,173.1667,296.68,93,98,5.62
249,Voh,NC,2022-02-11 17:40:43,-20.9667,164.7,297.34,92,100,1.68
250,Sibolga,ID,2022-02-11 17:40:43,1.7427,98.7792,297.61,86,99,1.33
251,Northam,GB,2022-02-11 17:40:43,51.0333,-4.2167,280.13,74,100,4.44
252,Vilyuysk,RU,2022-02-11 17:40:44,63.7553,121.6247,244.2,100,94,1.4
253,Vernon,CA,2022-02-11 17:39:43,50.2581,-119.2691,278.78,69,83,2.06
254,Rancagua,CL,2022-02-11 17:40:44,-34.1708,-70.7444,297.07,46,0,5.14
255,Husavik,IS,2022-02-11 17:40:45,66.0449,-17.3389,270.1,90,98,2.77
256,Batagay-Alyta,RU,2022-02-11 17:40:45,67.8006,130.4114,243.05,88,74,2.38
257,Tocopilla,CL,2022-02-11 17:40:45,-22.092,-70.1979,296.13,60,5,3.17
258,Mapiripan,CO,2022-02-11 17:40:46,2.8892,-72.1256,306.84,37,100,4.4
259,Adrar,MR,2022-02-11 17:40:46,20.5022,-10.0711,296.1,12,3,6.83
260,Yar-Sale,RU,2022-02-11 17:40:47,66.8333,70.8333,255.77,80,81,7.99
261,Hambantota,LK,2022-02-11 17:40:47,6.1241,81.1185,298.3,87,99,5.7
262,Sterling,US,2022-02-11 17:39:20,39.0062,-77.4286,290.56,33,20,6.26
263,Brae,GB,2022-02-11 17:37:10,60.3964,-1.353,278.1,75,100,7.75
264,Nouadhibou,MR,2022-02-11 17:40:48,20.931,-17.0347,303.14,21,90,5.14
265,Beringovskiy,RU,2022-02-11 17:40:48,63.05,179.3167,239.71,96,72,4.37
266,Olafsvik,IS,2022-02-11 17:40:49,64.8945,-23.7142,272.78,77,100,7.88
267,Taicheng,CN,2022-02-11 17:40:49,38.731,113.228,268.91,59,61,1.66
268,Aksu,CN,2022-02-11 17:40:49,41.1231,80.2644,270.46,46,4,0.82
269,Landerneau,FR,2022-02-11 17:40:50,48.4525,-4.2525,281.64,68,0,2.57
270,Nuevo Progreso,MX,2022-02-11 17:41:50,23.1667,-97.95,294.59,83,98,1.34
271,Nara,JP,2022-02-11 17:40:14,34.6851,135.8049,277.75,62,20,0.35
272,Curup,ID,2022-02-11 17:41:50,-3.4667,102.5333,292.01,91,95,0.64
273,Zhangye,CN,2022-02-11 17:41:51,38.9342,100.4517,268.33,66,100,3.12
274,Itapaci,BR,2022-02-11 17:41:51,-14.9508,-49.5494,297.8,78,97,1.14
275,Kudahuvadhoo,MV,2022-02-11 17:41:52,2.6708,72.8944,300.98,66,100,2.18
276,Taltal,CL,2022-02-11 17:41:52,-25.4,-70.4833,294.82,65,2,2.8
277,Pevek,RU,2022-02-11 17:41:52,69.7008,170.3133,241.36,98,100,2.95
278,Waingapu,ID,2022-02-11 17:41:53,-9.6567,120.2641,298.91,84,100,1.19
279,Manzanillo,CU,2022-02-11 17:41:53,20.3433,-77.1167,304.42,46,4,3.01
280,Bilibino,RU,2022-02-11 17:41:54,68.0546,166.4372,235.03,97,39,1.08
281,Lafia,NG,2022-02-11 17:41:54,8.4833,8.5167,304.81,8,39,1.09
282,Gotsu,JP,2022-02-11 17:41:55,35.0,132.2167,277.83,78,86,2.01
283,Kinsale,IE,2022-02-11 17:41:55,51.7075,-8.5306,281.61,76,75,9.26
284,Tuatapere,NZ,2022-02-11 17:41:55,-46.1333,167.6833,284.72,85,89,2.88
285,Alofi,NU,2022-02-11 17:41:56,-19.0595,-169.9187,297.09,94,7,2.57
286,Dingle,PH,2022-02-11 17:41:28,10.9995,122.6711,296.85,92,100,3.05
287,Camacha,PT,2022-02-11 17:41:56,33.0833,-16.3333,290.57,77,40,6.17
288,Pokhara,NP,2022-02-11 17:39:02,28.2333,83.9833,282.44,54,48,2.56
289,Deputatskiy,RU,2022-02-11 17:41:57,69.3,139.9,245.05,97,94,2.57
290,Belluru,IN,2022-02-11 17:41:57,12.9911,76.7444,292.63,51,14,2.73
291,Puerto Del Rosario,ES,2022-02-11 17:41:58,28.5004,-13.8627,293.01,73,20,1.54
292,Nabire,ID,2022-02-11 17:41:58,-3.3667,135.4833,296.61,96,100,1.13
293,Lata,PT,2022-02-11 17:41:59,40.1629,-8.3327,290.21,77,68,1.87
294,Hasaki,JP,2022-02-11 17:37:14,35.7333,140.8333,271.37,57,11,6.87
295,Lerwick,GB,2022-02-11 17:41:59,60.1545,-1.1494,278.15,75,99,8.61
296,Honningsvag,NO,2022-02-11 17:41:59,70.9821,25.9704,272.01,86,75,9.26
297,Aripuana,BR,2022-02-11 17:42:00,-9.1667,-60.6333,300.14,81,95,1.8
298,Port Hawkesbury,CA,2022-02-11 17:42:00,45.6169,-61.3485,281.43,58,0,4.92
299,Waipawa,NZ,2022-02-11 17:42:01,-41.4122,175.5153,289.51,98,100,1.7
300,San Patricio,US,2022-02-11 17:42:01,28.017,-97.5169,296.52,45,0,3.02
301,Natal,BR,2022-02-11 17:41:40,-5.795,-35.2094,304.51,66,40,6.69
302,Contamana,PE,2022-02-11 17:42:01,-7.3333,-75.0167,307.29,39,98,2.31
303,Vila Velha,BR,2022-02-11 17:42:02,-20.3297,-40.2925,298.12,89,75,4.92
304,Shahr-E Babak,IR,2022-02-11 17:42:02,30.1165,55.1186,282.7,36,0,1.51
305,Dalby,AU,2022-02-11 17:42:03,-27.1833,151.2667,288.7,94,0,3.65
306,Goure,NE,2022-02-11 17:42:03,13.9835,10.2704,297.6,10,20,4.16
307,Ugoofaaru,MV,2022-02-11 17:42:03,5.6667,73.0,300.68,72,46,2.3
308,Mingaora,PK,2022-02-11 17:42:04,34.7758,72.3625,279.52,39,6,3.4
309,Coihaique,CL,2022-02-11 17:39:10,-45.5752,-72.0662,291.12,42,0,3.09
310,Orange,US,2022-02-11 17:42:04,33.7,-117.7675,301.69,35,0,0.45
311,Valparaiso,CL,2022-02-11 17:41:39,-33.0393,-71.6273,296.28,59,0,2.06
312,Dallas,US,2022-02-11 17:41:21,32.7668,-96.7836,295.35,34,0,7.72
313,Flinders,AU,2022-02-11 17:42:05,-34.5833,150.8552,294.38,87,79,3.13
314,Saint Anthony,US,2022-02-11 17:43:05,45.0205,-93.218,269.26,72,100,9.26
315,Egvekinot,RU,2022-02-11 17:43:06,66.3167,-179.1667,243.15,87,13,3.57
316,Wanlaweyn,SO,2022-02-11 17:43:06,2.6185,44.8938,297.96,65,3,8.84
317,Dhadar,IN,2022-02-11 17:43:07,28.3305,75.0632,289.89,27,0,2.06
318,Bandarbeyla,SO,2022-02-11 17:38:20,9.4942,50.8122,297.0,65,30,8.41
319,Kulhudhuffushi,MV,2022-02-11 17:43:07,6.6221,73.07,300.68,71,69,2.8
320,Sarakhs,IR,2022-02-11 17:43:08,36.5449,61.1577,284.23,66,0,4.12
321,Iqaluit,CA,2022-02-11 17:43:08,63.7506,-68.5145,254.09,77,100,0.0
322,Morehead,US,2022-02-11 17:43:08,37.2711,-87.1764,291.01,29,75,6.17
323,Bahia Honda,CU,2022-02-11 17:43:09,22.9036,-83.1592,298.38,68,50,4.33
324,Kruisfontein,ZA,2022-02-11 17:43:09,-34.0033,24.7314,291.72,74,0,1.45
325,Nome,US,2022-02-11 17:43:09,64.5011,-165.4064,252.19,54,0,0.0
326,Nha Trang,VN,2022-02-11 17:43:10,12.25,109.1833,298.15,84,100,2.7
327,Garzon,CO,2022-02-11 17:43:10,2.1959,-75.6278,300.52,68,71,1.08
328,Laguna,US,2022-02-11 17:43:10,38.421,-121.4238,294.61,75,0,2.06
329,Port Augusta,AU,2022-02-11 17:43:11,-32.5,137.7667,292.23,48,0,3.0
330,Hobyo,SO,2022-02-11 17:43:11,5.3505,48.5268,298.12,67,2,9.02
331,La Ronge,CA,2022-02-11 17:43:11,55.1001,-105.2842,244.29,57,40,0.51
332,Villazon,BO,2022-02-11 17:43:12,-22.0866,-65.5942,293.05,24,34,5.95
333,Aksarka,RU,2022-02-11 17:43:12,66.5606,67.7975,255.4,85,100,5.58
334,Wanning,CN,2022-02-11 17:43:13,18.8003,110.3967,293.48,78,98,1.35
335,Amarante Do Maranhao,BR,2022-02-11 17:43:13,-5.5667,-46.7422,300.15,83,84,0.93
336,Akyab,MM,2022-02-11 17:43:13,20.15,92.9,293.95,63,1,5.75
337,Chandur,IN,2022-02-11 17:43:14,19.7333,79.1833,291.31,32,12,1.03
338,San Quintin,MX,2022-02-11 17:43:14,30.4833,-115.95,295.24,25,0,1.48
339,Kim,TJ,2022-02-11 17:43:14,40.208,70.4688,277.36,48,100,2.27
340,Fort Nelson,CA,2022-02-11 17:43:15,58.8053,-122.7002,250.92,77,75,1.54
341,Lompoc,US,2022-02-11 17:40:11,34.6391,-120.4579,301.55,32,0,3.09
342,Trelew,AR,2022-02-11 17:43:15,-43.249,-65.3051,296.52,13,1,4.64
343,Abilene,US,2022-02-11 17:42:57,32.4487,-99.7331,293.42,32,0,9.77
344,Camopi,GF,2022-02-11 17:43:16,3.1655,-52.3158,300.15,84,75,1.61
345,Morganton,US,2022-02-11 17:43:16,35.7454,-81.6848,292.37,29,0,1.79
346,Tula,RU,2022-02-11 17:43:17,54.2044,37.6111,267.91,88,78,3.07
347,Fortuna,US,2022-02-11 17:43:17,40.5982,-124.1573,287.22,77,0,2.57
348,Valkeala,FI,2022-02-11 17:43:17,60.9401,26.7979,268.37,86,40,2.57
349,Ebolowa,CM,2022-02-11 17:43:18,2.9,11.15,298.82,67,33,2.86
350,Makakilo City,US,2022-02-11 17:43:18,21.3469,-158.0858,294.6,80,0,3.09
351,Wukari,NG,2022-02-11 17:43:18,7.85,9.7833,303.02,10,10,2.61
352,Ixtapa,MX,2022-02-11 17:38:55,20.7,-105.2,295.72,43,0,0.0
353,Tame,CO,2022-02-11 17:43:19,6.461,-71.73,300.91,53,93,4.24
354,Araguaina,BR,2022-02-11 17:43:19,-7.1911,-48.2072,300.04,77,92,2.02
355,Novoagansk,RU,2022-02-11 17:43:20,61.9449,76.6625,248.75,98,9,2.72
356,Hualmay,PE,2022-02-11 17:43:20,-11.0964,-77.6139,297.48,68,65,5.4
357,Rafai,CF,2022-02-11 17:43:20,4.95,23.9167,300.07,25,93,0.25
358,At-Bashi,KG,2022-02-11 17:43:21,41.1702,75.8106,263.7,85,100,0.33
359,Muroto,JP,2022-02-11 17:43:21,33.2833,134.15,281.99,64,47,4.77
360,Ust-Maya,RU,2022-02-11 17:43:21,60.4167,134.5333,236.12,100,85,0.44
361,Haines Junction,CA,2022-02-11 17:44:22,60.7522,-137.5108,262.12,73,100,0.51
362,Quatre Cocos,MU,2022-02-11 17:42:41,-20.2078,57.7625,299.21,80,90,2.0
363,Naumburg,DE,2022-02-11 17:44:22,51.15,11.8167,278.11,87,100,6.45
364,Miami Beach,US,2022-02-11 17:44:23,25.7906,-80.1301,300.94,66,75,4.12
365,Portobelo,PA,2022-02-11 17:44:23,9.55,-79.65,306.27,71,20,6.61
366,Talcahuano,CL,2022-02-11 17:44:24,-36.7167,-73.1167,293.97,32,0,6.69
367,Osakarovka,KZ,2022-02-11 17:44:24,50.565,72.5692,257.23,91,49,5.4
368,Cherskiy,RU,2022-02-11 17:44:24,68.75,161.3,234.72,100,71,2.72
369,Ewa Beach,US,2022-02-11 17:43:31,21.3156,-158.0072,295.38,81,0,3.09
370,Kropotkin,RU,2022-02-11 17:44:25,45.4375,40.5756,276.63,82,43,4.09
371,Kieta,PG,2022-02-11 17:44:25,-6.2167,155.6333,298.75,86,99,0.89
372,Faya,SA,2022-02-11 17:44:26,18.3851,42.4509,288.21,85,23,3.32
373,Kibala,TD,2022-02-11 17:44:26,9.1104,18.3463,306.12,18,0,0.0
374,Santa Ana,US,2022-02-11 17:40:17,33.7456,-117.8678,301.96,33,0,0.45
375,Cuxhaven,DE,2022-02-11 17:44:27,53.8718,8.6909,276.26,81,40,5.14
376,Taoudenni,ML,2022-02-11 17:44:27,22.6783,-3.9836,295.35,16,0,4.67
377,La Primavera,CO,2022-02-11 17:44:27,5.4906,-70.4092,308.3,31,92,4.96
378,Zhuanghe,CN,2022-02-11 17:44:28,39.7008,122.9911,271.94,44,100,2.71
379,Carbonia,IT,2022-02-11 17:44:28,39.1672,8.5222,285.68,76,45,2.43
380,Kaman,IN,2022-02-11 17:44:28,27.65,77.2667,285.48,43,0,2.77
381,Pacific Grove,US,2022-02-11 17:44:29,36.6177,-121.9166,295.69,46,0,1.79
382,Vanimo,PG,2022-02-11 17:44:29,-2.6741,141.3028,297.92,89,100,2.1
383,Saint-Pierre,RE,2022-02-11 17:44:29,-21.3393,55.4781,298.97,78,0,1.54
384,Chapais,CA,2022-02-11 17:44:30,49.7834,-74.8492,258.03,90,100,4.28
385,Margate,GB,2022-02-11 17:44:30,51.3813,1.3862,279.24,71,44,0.89
386,Salinas,US,2022-02-11 17:41:17,36.6777,-121.6555,297.02,43,0,5.14
387,El Reno,US,2022-02-11 17:44:31,35.5323,-97.955,289.94,31,0,11.32
388,Sawtell,AU,2022-02-11 17:44:31,-30.3833,153.1,293.16,83,75,6.17
389,Springdale,US,2022-02-11 17:44:31,36.1867,-94.1288,290.0,38,20,6.17
390,Cooma,AU,2022-02-11 17:44:32,-36.2333,149.1333,281.02,100,100,2.06
391,Mehamn,NO,2022-02-11 17:44:32,71.0357,27.8492,274.1,80,75,10.29
392,Torrington,US,2022-02-11 17:44:32,41.8007,-73.1212,285.01,42,25,1.79
393,Nuuk,GL,2022-02-11 17:44:33,64.1835,-51.7216,272.49,93,100,17.49
394,Tigil,RU,2022-02-11 17:44:33,57.8,158.6667,244.21,100,72,0.69
395,Tobol,KZ,2022-02-11 17:44:34,52.6844,62.5794,269.4,98,100,1.16
396,Minas,UY,2022-02-11 17:44:34,-34.3759,-55.2377,303.41,39,47,0.86
397,Gushikawa,JP,2022-02-11 17:44:34,26.3544,127.8686,291.72,77,100,4.12
398,Zvishavane,ZW,2022-02-11 17:44:35,-20.3267,30.0665,296.34,58,92,0.74
399,Umm Bab,QA,2022-02-11 17:44:35,25.2142,50.8072,291.97,50,0,4.62
400,Shenjiamen,CN,2022-02-11 17:44:35,29.9576,122.298,280.83,91,100,6.77
401,Santa Cruz,BO,2022-02-11 17:43:53,-17.8,-63.1667,305.18,55,75,7.2
402,Yatou,CN,2022-02-11 17:44:36,37.15,122.3833,276.38,75,100,2.87
403,Hofn,IS,2022-02-11 17:44:37,64.2539,-15.2082,271.16,54,0,4.12
404,Lang Son,VN,2022-02-11 17:44:37,21.8333,106.7333,285.84,96,100,2.15
405,Verkhnya Syrovatka,UA,2022-02-11 17:44:37,50.829,34.9586,273.45,91,100,3.48
406,Bismarck,US,2022-02-11 17:44:37,46.8083,-100.7837,260.86,71,40,9.77
407,Ballina,AU,2022-02-11 17:45:38,-28.8667,153.5667,296.13,81,75,6.17
408,Nishihara,JP,2022-02-11 17:45:38,26.1842,127.7558,291.75,77,100,4.12
409,Zyryanka,RU,2022-02-11 17:45:39,65.75,150.85,234.26,99,38,2.6
410,Berlevag,NO,2022-02-11 17:45:39,70.8578,29.0864,274.12,69,75,11.32
411,Amahai,ID,2022-02-11 17:45:39,-3.3333,128.9167,298.9,84,99,1.72
412,Rosarito,MX,2022-02-11 17:45:04,32.3333,-117.0333,298.84,39,0,0.75
413,Brufut,GM,2022-02-11 17:45:40,13.3814,-16.7518,309.2,13,0,7.72
414,Alice Springs,AU,2022-02-11 17:44:35,-23.7,133.8833,291.9,72,0,0.0
415,Kanashevo,RU,2022-02-11 17:45:40,55.2169,62.0634,264.32,95,100,3.64
416,Zhuhai,CN,2022-02-11 17:45:41,22.2769,113.5678,292.03,100,20,1.03
417,Outlook,CA,2022-02-11 17:41:31,51.5001,-107.0513,257.98,84,100,1.94
418,Saint-Georges,GD,2022-02-11 17:45:41,12.0564,-61.7485,300.97,74,75,10.29
419,Iracoubo,GF,2022-02-11 17:45:41,5.4802,-53.2011,299.14,86,44,4.25
420,Fare,PF,2022-02-11 17:45:42,-16.7,-151.0167,300.6,71,3,6.65
421,Alappuzha,IN,2022-02-11 17:45:42,9.49,76.3264,299.98,70,52,2.2
422,Biak,ID,2022-02-11 17:45:43,-0.9131,122.8766,297.58,82,95,1.5
423,Klyuchi,RU,2022-02-11 17:45:43,52.2667,79.1667,247.06,100,65,2.36
424,Mayskiy,RU,2022-02-11 17:45:43,47.6931,40.1025,277.82,87,100,7.85
425,Seoul,KR,2022-02-11 17:41:24,37.5683,126.9778,273.93,75,75,2.06
426,San Cristobal,VE,2022-02-11 17:45:13,7.7669,-72.225,292.25,56,83,1.34
427,Malyye Derbety,RU,2022-02-11 17:45:44,47.9547,44.6808,277.19,94,96,6.75
428,Malinovoye Ozero,RU,2022-02-11 17:45:44,51.6753,79.7825,247.1,100,52,2.29
429,Marfino,RU,2022-02-11 17:45:45,55.7028,37.3822,274.1,74,0,5.0
430,Esso,RU,2022-02-11 17:45:45,55.9333,158.7,251.37,96,50,1.84
431,Belmonte,BR,2022-02-11 17:45:46,-15.8631,-38.8828,302.43,64,16,4.47
432,Luwingu,ZM,2022-02-11 17:45:46,-10.2621,29.9271,290.37,97,96,1.08
433,Saint-Joseph,RE,2022-02-11 17:45:46,-21.3667,55.6167,298.36,77,43,1.84
434,Wronki,PL,2022-02-11 17:45:47,52.7105,16.3804,277.38,86,64,3.6
435,Xining,CN,2022-02-11 17:42:51,36.6167,101.7667,266.87,96,100,0.44
436,Bay-Khaak,RU,2022-02-11 17:45:47,51.1667,94.5,241.96,95,47,1.32
437,Bako,ET,2022-02-11 17:45:47,5.7833,36.5667,295.76,44,100,1.76
438,Pandan,PH,2022-02-11 17:45:48,14.0453,124.1694,298.5,87,65,7.83
439,Bajah,YE,2022-02-11 17:45:48,13.8141,44.6301,291.0,81,14,1.01
440,Sinnamary,GF,2022-02-11 17:45:48,5.3833,-52.95,299.35,84,55,3.94
441,Portland,US,2022-02-11 17:42:07,45.5234,-122.6762,283.94,85,75,1.79
442,Quelimane,MZ,2022-02-11 17:45:49,-17.8786,36.8883,301.12,69,75,4.63
443,Maniitsoq,GL,2022-02-11 17:45:49,65.4167,-52.9,270.59,96,100,8.95
444,Mahebourg,MU,2022-02-11 17:45:50,-20.4081,57.7,299.31,83,40,1.03
445,Khargone,IN,2022-02-11 17:45:50,21.8167,75.6,291.85,26,5,1.89
446,Gazli,UZ,2022-02-11 17:45:50,40.1333,63.45,279.31,74,100,5.97
447,Straumen,NO,2022-02-11 17:45:51,63.8709,11.2999,274.23,66,100,9.06
448,Cihuatlan,MX,2022-02-11 17:45:51,19.2366,-104.5651,303.35,24,0,2.69
449,Cayenne,GF,2022-02-11 17:45:51,4.9333,-52.3333,299.17,89,75,2.06
450,Tingi,TZ,2022-02-11 17:45:52,-11.3,35.0333,289.73,96,100,0.8
451,Saint-Augustin,CA,2022-02-11 17:45:52,51.226,-58.6502,274.24,88,96,6.9
452,Nadym,RU,2022-02-11 17:45:53,65.5333,72.5167,254.29,80,2,7.99
453,Grand Gaube,MU,2022-02-11 17:45:53,-20.0064,57.6608,299.37,78,97,0.45
454,Karwar,IN,2022-02-11 17:46:54,14.8,74.1333,297.19,65,0,3.0
455,Bongaree,AU,2022-02-11 17:46:55,-27.0797,153.1586,294.98,78,0,7.21
456,Palmer,US,2022-02-11 17:46:55,42.1584,-72.3287,285.37,37,20,5.66
457,Meulaboh,ID,2022-02-11 17:46:55,4.1363,96.1285,297.08,89,100,3.41
458,Klaksvik,FO,2022-02-11 17:46:56,62.2266,-6.589,276.66,72,100,4.75
459,Abha,SA,2022-02-11 17:46:56,18.2164,42.5053,288.05,82,0,3.09
460,Heishan,CN,2022-02-11 17:46:57,41.6892,122.1128,266.7,60,100,2.84
461,Wamba,NG,2022-02-11 17:46:57,8.9333,8.6,301.32,10,46,1.07
462,Burns Lake,CA,2022-02-11 17:42:21,54.2331,-125.7533,260.83,86,98,0.26
463,Muisne,EC,2022-02-11 17:46:57,0.6,-80.0333,302.21,78,88,4.18
464,Amot,NO,2022-02-11 17:46:58,59.5714,7.9877,266.16,94,51,0.91
465,Zeya,RU,2022-02-11 17:46:58,53.75,127.2667,252.63,94,99,2.02
466,Port Hardy,CA,2022-02-11 17:45:44,50.6996,-127.4199,279.13,93,100,1.03
467,Berja,ES,2022-02-11 17:46:59,36.8469,-2.9497,289.33,80,19,0.98
468,Neuquen,AR,2022-02-11 17:46:59,-38.9516,-68.0591,297.92,14,0,4.35
469,Baruun-Urt,MN,2022-02-11 17:47:00,46.6806,113.2792,252.48,98,97,2.91
470,Tezu,IN,2022-02-11 17:47:00,27.9167,96.1667,285.24,69,10,1.58
471,Ovalle,CL,2022-02-11 17:47:00,-30.5983,-71.2003,301.02,42,3,5.56
472,Lichinga,MZ,2022-02-11 17:47:00,-13.3128,35.2406,289.71,98,100,1.52
473,Aswan,EG,2022-02-11 17:47:01,24.0934,32.907,290.76,31,0,3.09
474,Comodoro Rivadavia,AR,2022-02-11 17:47:01,-45.8667,-67.5,291.07,29,0,5.66
475,Erzin,TR,2022-02-11 17:47:02,36.9559,36.2,284.55,77,6,0.99
476,Spencer,US,2022-02-11 17:47:02,43.1414,-95.1444,269.21,65,100,14.92
477,Coihueco,CL,2022-02-11 17:47:03,-36.6167,-71.8333,296.56,29,0,5.14
478,Tucuma,BR,2022-02-11 17:47:03,-0.1833,-50.05,300.83,79,100,2.95
479,Ostrovnoy,RU,2022-02-11 17:47:04,68.0531,39.5131,265.44,94,99,5.03
480,Namibe,AO,2022-02-11 17:47:04,-15.1961,12.1522,297.81,80,66,3.22
481,Awbari,LY,2022-02-11 17:47:05,26.5921,12.7805,285.77,31,0,3.67
482,Mopipi,BW,2022-02-11 17:47:05,-21.1833,24.8833,301.02,32,47,3.15
483,Bonavista,CA,2022-02-11 17:44:24,48.6499,-53.1147,277.66,79,86,6.74
484,Deori,IN,2022-02-11 17:47:05,21.45,82.6167,289.01,35,10,1.38
485,Taft,IR,2022-02-11 17:47:06,31.7471,54.2088,285.12,21,75,6.17
486,Barentu,ER,2022-02-11 17:47:07,15.1139,37.5928,294.25,60,0,5.2
487,Mount Isa,AU,2022-02-11 17:47:07,-20.7333,139.5,303.02,32,40,4.63
488,Herat,AF,2022-02-11 17:47:08,34.5,62.0,280.0,51,4,6.06
489,Mayo,US,2022-02-11 17:46:10,38.8876,-76.5119,291.34,46,0,6.17
490,Baglan,AF,2022-02-11 17:47:08,36.1307,68.7083,283.75,33,84,1.48
491,Khanapur,IN,2022-02-11 17:47:08,15.6333,74.5167,294.42,42,5,1.99
492,Bilma,NE,2022-02-11 17:47:09,18.6853,12.9164,293.12,17,0,2.73
493,Nambucca Heads,AU,2022-02-11 17:47:10,-30.65,153.0,293.15,94,50,5.45
494,Carroll,US,2022-02-11 17:47:10,39.5501,-77.0164,289.35,32,0,5.66
495,Ritchie,ZA,2022-02-11 17:47:10,-29.038,24.6028,301.71,19,0,0.71
496,Jalu,LY,2022-02-11 17:47:11,29.0331,21.5482,286.64,47,0,3.07
497,Mnogovershinnyy,RU,2022-02-11 17:47:11,53.9353,139.9242,262.49,97,100,1.42
498,Awjilah,LY,2022-02-11 17:47:11,29.1081,21.2869,286.62,47,0,3.34
499,Floro,NO,2022-02-11 17:47:12,61.5996,5.0328,277.13,87,75,7.72
500,Salalah,OM,2022-02-11 17:46:28,17.0151,54.0924,297.2,60,20,1.03
501,Bereda,ES,2022-02-11 17:47:12,43.2686,-7.5406,285.05,95,100,1.64
502,Riyadh,SA,2022-02-11 17:47:12,24.6877,46.7219,293.23,30,0,5.01
503,Hajnowka,PL,2022-02-11 17:48:13,52.7433,23.5812,275.94,84,100,0.45
504,Ulladulla,AU,2022-02-11 17:48:13,-35.35,150.4667,291.65,87,54,4.66
505,Aklavik,CA,2022-02-11 17:43:37,68.2191,-135.0107,242.61,75,20,1.54
506,Mmathubudukwane,BW,2022-02-11 17:48:14,-24.6,26.4333,301.63,23,40,5.3
507,Morant Bay,JM,2022-02-11 17:48:14,17.8815,-76.4093,300.74,73,15,5.45
508,Tajumulco,GT,2022-02-11 17:48:14,15.0833,-91.8833,291.59,45,1,2.33
509,Dulce Grande,MX,2022-02-11 17:48:15,23.0,-102.1667,289.03,28,7,2.13
510,Saraland,US,2022-02-11 17:48:15,30.8207,-88.0706,292.77,37,24,2.43
511,Ponta Do Sol,PT,2022-02-11 17:48:07,32.6667,-17.1,293.55,81,2,0.91
512,Effingham,US,2022-02-11 17:48:16,32.3669,-81.3332,293.63,35,100,2.43
513,Kismayo,SO,2022-02-11 17:48:16,-0.3582,42.5454,298.48,81,65,7.72
514,Blackwater,AU,2022-02-11 17:48:17,-23.5833,148.8833,294.46,75,0,3.04
515,Broome,US,2022-02-11 17:48:17,42.2506,-75.833,282.69,48,0,5.66
516,Suraabad,AZ,2022-02-11 17:48:17,40.8192,49.4687,278.25,80,12,3.26
517,Baculin,PH,2022-02-11 17:48:18,7.4525,126.5842,297.73,85,53,1.84
518,Nassau,US,2022-02-11 17:47:11,40.7507,-73.5829,287.99,55,0,7.2
519,Pangai,TO,2022-02-11 17:48:19,-19.8,-174.35,300.21,78,20,3.09
520,Storm Lake,US,2022-02-11 17:48:19,42.6411,-95.2097,268.98,80,75,12.35
521,Rocha,UY,2022-02-11 17:48:20,-34.4833,-54.3333,304.17,40,25,2.8
522,Sangar,RU,2022-02-11 17:48:20,63.9242,127.4739,234.83,100,78,0.76
523,North Bend,US,2022-02-11 17:48:20,43.4065,-124.2243,282.11,62,0,2.99
524,Arman,RU,2022-02-11 17:48:21,59.7,150.1667,250.38,80,93,3.02
525,Port Blair,IN,2022-02-11 17:48:21,11.6667,92.75,299.17,78,40,1.03
526,Vostok,RU,2022-02-11 17:48:21,46.4856,135.8833,263.77,97,100,1.33
527,Zhigansk,RU,2022-02-11 17:48:22,66.7697,123.3711,240.58,100,92,2.82
528,Peniche,PT,2022-02-11 17:48:22,39.3558,-9.3811,291.96,82,81,2.35
529,Opuwo,NA,2022-02-11 17:48:23,-18.0607,13.84,296.03,72,99,1.66
530,Alugan,PH,2022-02-11 17:48:23,12.2188,125.4808,298.77,89,100,5.84
531,Pedernales,DO,2022-02-11 17:48:23,18.0384,-71.744,302.85,49,0,0.55
532,Lamar,US,2022-02-11 17:48:24,33.6668,-95.5836,293.51,36,0,8.75
533,Isangel,VU,2022-02-11 17:48:24,-19.55,169.2667,299.33,86,99,4.88
534,Ewo,CG,2022-02-11 17:48:24,-0.8725,14.8206,302.09,49,98,0.97
535,Katobu,ID,2022-02-11 17:43:34,-4.9408,122.5276,297.55,90,100,0.62
536,Abnub,EG,2022-02-11 17:48:25,27.2696,31.1511,289.27,40,0,3.92
537,Lavrentiya,RU,2022-02-11 17:47:56,65.5833,-171.0,240.54,94,32,2.92
538,Novogurovskiy,RU,2022-02-11 17:48:25,54.4678,37.3428,273.92,90,66,3.22
539,Estevan,CA,2022-02-11 17:47:11,49.1334,-102.9842,256.34,71,40,4.37
540,Nexo,DK,2022-02-11 17:48:26,55.0607,15.1306,276.2,65,36,9.54
541,Vanavara,RU,2022-02-11 17:48:26,60.34,102.2797,242.75,100,30,0.48
542,Srikakulam,IN,2022-02-11 17:48:26,18.3,83.9,295.16,80,5,2.48
543,Vestmannaeyjar,IS,2022-02-11 17:47:27,63.4427,-20.2734,275.7,69,100,11.32
544,Hwange,ZW,2022-02-11 17:48:27,-18.3693,26.5019,294.45,89,94,0.85
545,Porangatu,BR,2022-02-11 17:48:27,-13.4408,-49.1486,300.31,71,67,1.92
546,East Wenatchee Bench,US,2022-02-11 17:48:28,47.4257,-120.2812,277.78,86,0,3.09
547,Atar,MR,2022-02-11 17:48:28,20.5169,-13.0499,300.52,10,23,9.42
548,Launceston,AU,2022-02-11 17:49:28,-41.45,147.1667,286.37,71,100,4.63
549,Vadso,NO,2022-02-11 17:49:29,70.0744,29.7487,272.12,74,75,8.75
550,Khalkhal,IR,2022-02-11 17:49:29,37.6189,48.5258,265.55,94,96,2.65
551,Coruripe,BR,2022-02-11 17:49:29,-10.1256,-36.1756,303.62,54,23,7.24
552,Antofagasta,CL,2022-02-11 17:49:30,-23.65,-70.4,297.16,61,6,4.2
553,Kharp,RU,2022-02-11 17:49:30,66.8014,65.8081,251.55,100,100,1.85
